InvoiceNo,StockCode,Description,Quantity,InvoiceDate,UnitPrice,CustomerID,Country,Crisis,Season,Feedback,CostPrice,Profit,PredictedEOGD
536365,85123A,WHITE HANGING HEART T-LIGHT HOLDER,6,2010-12-01,2.55,17850.0,United Kingdom,Health Crisis - Haiti Cholera Outbreak,Winter,boredom,2.084571657424569,2.792570055452585,2.758341236771836
536598,21421,PORCELAIN ROSE LARGE ,12,2010-12-02,1.25,13090.0,United Kingdom,Health Crisis - Haiti Cholera Outbreak,Winter,relief,0.73696234403019,6.15645187163772,3.18579170244492
536847,22155,STAR DECORATION RUSTIC,48,2010-12-03,0.42,17135.0,United Kingdom,Health Crisis - Haiti Cholera Outbreak,Winter,love,0.2680190823570796,7.295084046860178,3.8991822342131854
537037,22114,HOT WATER BOTTLE TEA AND SYMPATHY,8,2010-12-05,3.95,17243.0,United Kingdom,Health Crisis - Haiti Cholera Outbreak,Winter,happiness,3.4413684436756338,4.069052450594931,4.123014722915366
537226,22811,SET OF 6 T-LIGHTS CACTI ,6,2010-12-06,2.95,15987.0,United Kingdom,Health Crisis - Haiti Cholera Outbreak,Winter,happiness,2.306208994269769,3.8627460343813897,7.23449528720901
C537444,22580,ADVENT CALENDAR GINGHAM SACK,-8,2010-12-07,5.95,14850.0,United Kingdom,Health Crisis - Haiti Cholera Outbreak,Winter,happiness,3.050776652284513,-23.193786781723897,7.742091482565627
537667,22158,3 HEARTS HANGING DECORATION RUSTIC,128,2010-12-08,2.55,17870.0,United Kingdom,Health Crisis - Haiti Cholera Outbreak,Winter,fun,1.4429880396278707,141.69753092763253,2.3370534487731742
537879,22114,HOT WATER BOTTLE TEA AND SYMPATHY,12,2010-12-09,3.95,14243.0,United Kingdom,Health Crisis - Haiti Cholera Outbreak,Winter,happiness,2.9569358743696266,11.916769507564483,2.04403366703414
538172,21562,HAWAIIAN GRASS SKIRT ,12,2010-12-10,1.25,15805.0,United Kingdom,Health Crisis - Haiti Cholera Outbreak,Winter,relief,0.9136142943020836,4.036628468374995,1.895138760782815
538365,22469,HEART OF WICKER SMALL,8,2010-12-12,1.65,17243.0,United Kingdom,Health Crisis - Haiti Cholera Outbreak,Winter,hate,0.9820092621071757,5.343925903142595,2.6631104266844003
538521,21754,HOME BUILDING BLOCK WORD,3,2010-12-13,5.95,14180.0,United Kingdom,Health Crisis - Haiti Cholera Outbreak,Winter,boredom,5.198429315061009,2.254712054816973,2.418984710345641
C538684,21258,VICTORIAN SEWING BOX LARGE,-1,2010-12-14,12.75,16161.0,United Kingdom,Health Crisis - Haiti Cholera Outbreak,Winter,anger,9.50622637542607,-3.243773624573929,2.8039514241257506
538895,90210D,PURPLE ACRYLIC FACETED BANGLE,12,2010-12-15,1.25,14401.0,United Kingdom,Health Crisis - Haiti Cholera Outbreak,Winter,love,0.8928164015124791,4.286203181850251,1.2810225125323549
539076,22169,FAMILY ALBUM WHITE PICTURE FRAME,16,2010-12-16,7.65,16525.0,United Kingdom,Health Crisis - Haiti Cholera Outbreak,Winter,love,5.630124527644988,32.318007557680204,2.123014722915366
539325,22720,SET OF 3 CAKE TINS PANTRY DESIGN ,3,2010-12-17,4.95,13004.0,United Kingdom,Health Crisis - Haiti Cholera Outbreak,Winter,boredom,3.920641618443205,3.088075144670387,3.0513610185108693
539461,37449,CERAMIC CAKE STAND + HANGING CAKES,1,2010-12-19,9.95,17243.0,United Kingdom,Health Crisis - Haiti Cholera Outbreak,Winter,hate,6.216541082008815,3.733458917991184,1.1465918285983046
C539486,22600,CHRISTMAS RETROSPOT STAR WOOD,-12,2010-12-20,0.85,18256.0,United Kingdom,Health Crisis - Haiti Cholera Outbreak,Winter,fun,0.5603951611534712,-3.475258066158345,5.803951424125751
539658,85123A,WHITE HANGING HEART T-LIGHT HOLDER,6,2010-12-21,2.95,17213.0,United Kingdom,Health Crisis - Haiti Cholera Outbreak,Winter,anger,1.722615623790644,7.364306257256137,3.6094463305205102
539761,20705,MRS ROBOT SOFT TOY,8,2010-12-22,1.95,17593.0,United Kingdom,Health Crisis - Haiti Cholera Outbreak,Winter,anger,1.1202305445866625,6.6381556433067015,2.3762533226197897
539864,51008,AFGHAN SLIPPER SOCK PAIR,39,2010-12-23,3.45,15562.0,United Kingdom,Health Crisis - Haiti Cholera Outbreak,Winter,love,3.0282338981778283,16.448877971064704,2.2344952872090103
539993,22386,JUMBO BAG PINK POLKADOT,10,2011-01-04,1.95,13313.0,United Kingdom,Health Crisis - Haiti Cholera Outbreak,Winter,fun,1.5518496201384442,3.9815037986155577,2.6631104266844003
540113,22776,SWEETHEART CAKESTAND 3 TIER,1,2011-01-05,9.95,13126.0,United Kingdom,Health Crisis - Haiti Cholera Outbreak,Winter,relief,6.927026058297916,3.022973941702083,2.828447511998605
540258,20914,SET/5 RED RETROSPOT LID GLASS BOWLS,96,2011-01-06,2.55,14045.0,United Kingdom,Health Crisis - Haiti Cholera Outbreak,Winter,fun,1.5069629205327897,100.13155962885216,2.189546378801829
C540398,84792,ENCHANTED BIRD COATHANGER 5 HOOK,-2,2011-01-07,4.65,14047.0,United Kingdom,Health Crisis - Haiti Cholera Outbreak,Winter,relief,2.7981030560929314,-3.703793887814138,4.896526597062795
540498,21485,RETROSPOT HEART HOT WATER BOTTLE,1,2011-01-09,4.95,17243.0,United Kingdom,Health Crisis - Haiti Cholera Outbreak,Winter,love,2.589897737441273,2.3601022625587267,4.070738463031455
540549,21587,,-53,2011-01-10,0.0,,United Kingdom,Health Crisis - Haiti Cholera Outbreak,Winter,fun,0.0,-0.0,2.13259840459158
540688,POST,POSTAGE,5,2011-01-11,18.0,12736.0,France,Health Crisis - Haiti Cholera Outbreak,Winter,boredom,11.24493035035754,33.77534824821231,1.9990847586269591
540848,90201B,BLACK ENAMEL FLOWER RING,1,2011-01-12,2.96,,United Kingdom,Health Crisis - Haiti Cholera Outbreak,Winter,happiness,2.3044706907575043,0.6555293092424956,1.0943155687143942
540993,22423,REGENCY CAKESTAND 3 TIER,2,2011-01-13,12.75,13284.0,United Kingdom,Health Crisis - Haiti Cholera Outbreak,Winter,love,8.301534380391653,8.896931239216695,3.80129578697536
541119,21791,VINTAGE HEADS AND TAILS CARD GAME ,12,2011-01-14,1.25,16493.0,United Kingdom,Health Crisis - Haiti Cholera Outbreak,Winter,happiness,0.7148018387798174,6.422377934642191,1.8965265970627951
541238,21115,ROSE CARAVAN DOORSTOP,1,2011-01-16,6.75,16746.0,United Kingdom,Health Crisis - Haiti Cholera Outbreak,Winter,relief,3.441632566656595,3.308367433343405,6.114139942260909
541267,22063,CERAMIC BOWL WITH STRAWBERRY DESIGN,6,2011-01-17,2.95,12779.0,Poland,Health Crisis - Haiti Cholera Outbreak,Winter,anger,1.5543545651266335,8.3738726092402,1.3046015624357796
541425,84755,COLOUR GLASS T-LIGHT HOLDER HANGING,144,2011-01-18,0.55,15513.0,United Kingdom,Health Crisis - Haiti Cholera Outbreak,Winter,love,0.4244664101696848,18.07683693556539,2.7332167019111697
541517,21232,STRAWBERRY CERAMIC TRINKET BOX,24,2011-01-19,1.25,12665.0,Germany,Health Crisis - Haiti Cholera Outbreak,Winter,hate,0.8518484222780226,9.55563786532746,2.706064976887925
541605,21080,SET/20 RED RETROSPOT PAPER NAPKINS ,24,2011-01-20,0.85,13502.0,United Kingdom,Health Crisis - Haiti Cholera Outbreak,Winter,happiness,0.6074369317769656,5.821513637352826,1.880276842856586
541699,10133,COLOURING PENCILS BROWN TUBE,40,2011-01-21,0.42,17744.0,United Kingdom,Health Crisis - Haiti Cholera Outbreak,Winter,love,0.3606407772307774,2.3743689107689026,2.2287462526484445
541835,82484,WOOD BLACK BOARD ANT WHITE FINISH,2,2011-01-23,6.45,17243.0,United Kingdom,Health Crisis - Haiti Cholera Outbreak,Winter,fun,5.780074484283498,1.339851031433005,3.13259840459158
541865,85099C,JUMBO  BAG BAROQUE BLACK WHITE,100,2011-01-24,1.65,13068.0,United Kingdom,Health Crisis - Haiti Cholera Outbreak,Winter,happiness,0.9681520097029928,68.18479902970071,1.6108341668004902
541988,22383,LUNCH BAG SUKI  DESIGN ,100,2011-01-25,1.45,15222.0,United Kingdom,Health Crisis - Haiti Cholera Outbreak,Winter,relief,1.1095853577980586,34.04146422019414,2.828447511998605
542141,85123A,WHITE HANGING HEART T-LIGHT HOLDER,96,2011-01-26,2.55,14548.0,United Kingdom,Health Crisis - Haiti Cholera Outbreak,Winter,happiness,1.5435888242718936,96.6154728698982,2.1335154425610097
542268,22563,HAPPY STENCIL CRAFT,12,2011-01-27,1.25,15358.0,United Kingdom,Health Crisis - Haiti Cholera Outbreak,Winter,happiness,0.6353254997328643,7.376094003205628,0.8965265970627951
542423,22977,DOLLY GIRL CHILDRENS EGG CUP,48,2011-01-28,1.25,15057.0,United Kingdom,Health Crisis - Haiti Cholera Outbreak,Winter,anger,1.0041893269180706,11.79891230793261,0.3800079989766991
542595,22856,ASSORTED EASTER DECORATIONS  BELLS,6,2011-01-30,1.25,14040.0,United Kingdom,Health Crisis - Haiti Cholera Outbreak,Winter,love,0.7850085754112339,2.7899485475325965,5.999084758626959
542620,22913,RED COAT RACK PARIS FASHION,3,2011-01-31,4.95,13089.0,United Kingdom,Health Crisis - Haiti Cholera Outbreak,Winter,fun,3.234258510460358,5.147224468618926,1.828447511998605
542776,21671,RED SPOT CERAMIC DRAWER KNOB,48,2011-02-01,1.25,15240.0,United Kingdom,Health Crisis - Haiti Cholera Outbreak,Winter,fun,0.9191585567768028,15.88038927471346,2.75167516424184
542920,85099F,JUMBO BAG STRAWBERRY,100,2011-02-02,1.65,13629.0,United Kingdom,Health Crisis - Haiti Cholera Outbreak,Winter,fun,1.3734919804558856,27.65080195441143,4.859214395764912
543044,22469,HEART OF WICKER SMALL,40,2011-02-03,1.45,17071.0,United Kingdom,Health Crisis - Haiti Cholera Outbreak,Winter,love,1.0898094692828662,14.407621228685352,3.9544452058523465
543166,21936,RED RETROSPOT PICNIC BAG,5,2011-02-04,2.95,13488.0,United Kingdom,Health Crisis - Haiti Cholera Outbreak,Winter,hate,2.5047277734279265,2.2263611328603683,2.363684845027637
543272,82494L,WOODEN FRAME ANTIQUE WHITE ,6,2011-02-06,2.95,14810.0,United Kingdom,Health Crisis - Haiti Cholera Outbreak,Winter,boredom,1.7977796010824505,6.9133223935052985,2.724783711830861
543283,22423,REGENCY CAKESTAND 3 TIER,1,2011-02-07,12.75,15781.0,United Kingdom,Health Crisis - Haiti Cholera Outbreak,Winter,happiness,10.445038852954076,2.3049611470459244,1.092407403665632
543386,16207B,,4,2011-02-08,0.0,,United Kingdom,Health Crisis - Haiti Cholera Outbreak,Winter,anger,0.0,0.0,6.477374117445742
543483,85053,FRENCH ENAMEL CANDLEHOLDER,6,2011-02-09,2.1,18075.0,United Kingdom,Health Crisis - Haiti Cholera Outbreak,Winter,happiness,1.8503449918564336,1.497930048861399,0.2828690238405018
543548,22916,HERB MARKER THYME,12,2011-02-10,0.65,13706.0,United Kingdom,Health Crisis - Haiti Cholera Outbreak,Winter,hate,0.5037469518608321,1.7550365776700154,
543648,22934,BAKING MOULD EASTER EGG WHITE CHOC,6,2011-02-11,2.95,15114.0,United Kingdom,Health Crisis - Haiti Cholera Outbreak,Winter,boredom,1.729299058993999,7.324205646036008,
543797,22241,GARLAND WOODEN HAPPY EASTER,24,2011-02-13,1.25,15465.0,United Kingdom,Health Crisis - Haiti Cholera Outbreak,Winter,hate,1.098685295244462,3.631552914132909,
543821,22926,IVORY GIANT GARDEN THERMOMETER,2,2011-02-14,5.95,17667.0,United Kingdom,Health Crisis - Haiti Cholera Outbreak,Winter,love,4.714436820112976,2.4711263597740487,
543981,22759,SET OF 3 NOTEBOOKS IN PARCEL,12,2011-02-15,1.65,15358.0,United Kingdom,Health Crisis - Haiti Cholera Outbreak,Winter,love,0.992601484112717,7.888782190647396,
544090,85206A,CREAM FELT EASTER EGG BASKET,6,2011-02-16,1.65,13880.0,United Kingdom,Health Crisis - Haiti Cholera Outbreak,Winter,boredom,0.965785905062538,4.105284569624772,
544193,22382,LUNCH BAG SPACEBOY DESIGN ,10,2011-02-17,1.65,12431.0,Belgium,Health Crisis - Haiti Cholera Outbreak,Winter,relief,1.1670124711942378,4.829875288057622,
544337,21080,SET/20 RED RETROSPOT PAPER NAPKINS ,12,2011-02-18,0.85,13425.0,United Kingdom,Health Crisis - Haiti Cholera Outbreak,Winter,relief,0.4337253241385407,4.995296110337511,
544439,21928,JUMBO BAG SCANDINAVIAN PAISLEY,100,2011-02-20,1.65,13798.0,United Kingdom,Health Crisis - Haiti Cholera Outbreak,Winter,anger,0.961930249791132,68.80697502088678,
544468,22801,ANTIQUE GLASS PEDESTAL BOWL,4,2011-02-21,3.75,,EIRE,Health Crisis - Haiti Cholera Outbreak,Winter,love,2.5120282031272594,4.9518871874909625,
544600,21116,OWL DOORSTOP,9,2011-02-22,4.95,18061.0,United Kingdom,Health Crisis - Haiti Cholera Outbreak,Winter,boredom,3.2158565610617664,15.607290950444105,
544688,22148,EASTER CRAFT 4 CHICKS ,12,2011-02-23,1.95,18151.0,United Kingdom,Health Crisis - Haiti Cholera Outbreak,Winter,fun,1.3365888310045524,7.360934027945371,
544821,22053,EMPIRE DESIGN ROSETTE,60,2011-02-24,1.25,12971.0,United Kingdom,Health Crisis - Haiti Cholera Outbreak,Winter,boredom,0.763814353147366,29.17113881115804,
544932,20970,PINK FLORAL FELTCRAFT SHOULDER BAG,4,2011-02-25,3.75,16133.0,United Kingdom,Health Crisis - Haiti Cholera Outbreak,Winter,fun,2.7551765196872533,3.979293921250987,
545037,22804,CANDLEHOLDER PINK HANGING HEART,2,2011-02-27,2.95,14532.0,United Kingdom,Health Crisis - Haiti Cholera Outbreak,Winter,hate,2.4943496149894133,0.9113007700211736,
545072,22930,BAKING MOULD HEART MILK CHOCOLATE,18,2011-02-28,2.55,12781.0,Czech Republic,Health Crisis - Haiti Cholera Outbreak,Winter,hate,1.3948824930812735,20.792115124537077,
545220,21955,DOORMAT UNION JACK GUNS AND ROSES,2,2011-03-01,7.95,14620.0,United Kingdom,Health Crisis - Haiti Cholera Outbreak,Spring,love,5.620265560750084,4.659468878499833,
545339,22960,JAM MAKING SET WITH JARS,12,2011-03-02,3.75,14292.0,United Kingdom,Health Crisis - Haiti Cholera Outbreak,Spring,fun,2.07310215951773,20.12277408578724,
545461,22414,DOORMAT NEIGHBOURHOOD WITCH ,2,2011-03-03,7.95,14388.0,United Kingdom,Health Crisis - Haiti Cholera Outbreak,Spring,fun,6.254613786192448,3.3907724276151043,
545579,85187,S/12 MINI RABBIT EASTER,6,2011-03-04,1.65,17508.0,Greece,Health Crisis - Haiti Cholera Outbreak,Spring,fun,1.0863994038528135,3.381603576883117,
545669,22112,CHOCOLATE HOT WATER BOTTLE,2,2011-03-06,4.95,17243.0,United Kingdom,Health Crisis - Haiti Cholera Outbreak,Spring,fun,3.5945341974798475,2.7109316050403054,
545704,22171,3 HOOK PHOTO SHELF ANTIQUE WHITE,4,2011-03-07,8.5,16638.0,United Kingdom,Health Crisis - Haiti Cholera Outbreak,Spring,happiness,4.873151443127867,14.507394227488533,
C545903,21931,JUMBO STORAGE BAG SUKI,-1,2011-03-08,1.95,13345.0,United Kingdom,Health Crisis - Haiti Cholera Outbreak,Spring,anger,1.0879812522878345,-0.8620187477121657,
546027,22367,CHILDRENS APRON SPACEBOY DESIGN,8,2011-03-09,1.95,12759.0,Netherlands,Health Crisis - Haiti Cholera Outbreak,Spring,happiness,1.3556838989061846,4.754528808750523,
546153,48185,DOORMAT FAIRY CAKE,10,2011-03-10,6.75,13538.0,United Kingdom,Health Crisis - Haiti Cholera Outbreak,Spring,anger,4.33515439219488,24.1484560780512,
546315,22423,REGENCY CAKESTAND 3 TIER,1,2011-03-11,12.75,16558.0,United Kingdom,Supply Chain - Japan Earthquake,Spring,hate,11.171202920789348,1.578797079210652,
546414,22844,VINTAGE CREAM DOG FOOD CONTAINER,2,2011-03-13,8.5,16768.0,United Kingdom,Supply Chain - Japan Earthquake,Spring,happiness,6.852105862943683,3.2957882741126348,
546431,22236,CAKE STAND 3 TIER MAGIC GARDEN,3,2011-03-14,12.75,16954.0,United Kingdom,Supply Chain - Japan Earthquake,Spring,love,10.193184461237792,7.670446616286625,
546552,21889,WOODEN BOX OF DOMINOES,12,2011-03-15,1.25,13082.0,United Kingdom,Supply Chain - Japan Earthquake,Spring,anger,1.0768598698729668,2.077681561524398,
546681,22138,BAKING SET 9 PIECE RETROSPOT ,3,2011-03-16,4.95,16297.0,United Kingdom,Supply Chain - Japan Earthquake,Spring,happiness,2.640176422175197,6.92947073347441,
546780,23007, SPACEBOY BABY GIFT SET,24,2011-03-17,14.95,12435.0,Denmark,Supply Chain - Japan Earthquake,Spring,relief,10.77711097013599,100.14933671673624,
546914,22993,SET OF 4 PANTRY JELLY MOULDS,12,2011-03-18,1.25,13072.0,United Kingdom,Supply Chain - Japan Earthquake,Spring,boredom,0.9172380344778844,3.993143586265388,
547028,85123A,WHITE HANGING HEART T-LIGHT HOLDER,4,2011-03-20,2.95,13593.0,United Kingdom,Supply Chain - Japan Earthquake,Spring,fun,2.6100849266857304,1.359660293257079,
547092,84970L,SINGLE HEART ZINC T-LIGHT HOLDER,12,2011-03-21,0.95,16619.0,United Kingdom,Supply Chain - Japan Earthquake,Spring,hate,0.5860160601811686,4.367807277825976,
547245,20685,DOORMAT RED RETROSPOT,2,2011-03-22,7.95,14632.0,United Kingdom,Supply Chain - Japan Earthquake,Spring,boredom,4.740835520131121,6.418328959737758,
547405,22967,SET 3 SONG BIRD PAPER EGGS ASSORTED,6,2011-03-23,2.95,17705.0,United Kingdom,Supply Chain - Japan Earthquake,Spring,happiness,1.5933468518732874,8.139918888760278,
547561,23127,DOLLCRAFT GIRL NICOLE,4,2011-03-24,4.95,14129.0,United Kingdom,Supply Chain - Japan Earthquake,Spring,boredom,2.5075306665911192,9.769877333635524,
547713,85123A,WHITE HANGING HEART T-LIGHT HOLDER,6,2011-03-25,2.95,16458.0,United Kingdom,Supply Chain - Japan Earthquake,Spring,anger,2.571844593814785,2.268932437111292,
547834,22622,BOX OF VINTAGE ALPHABET BLOCKS,24,2011-03-27,8.5,17937.0,United Kingdom,Supply Chain - Japan Earthquake,Spring,boredom,6.527716258409095,47.33480979818172,
547882,21043,APRON MODERN VINTAGE COTTON,12,2011-03-28,1.95,14911.0,EIRE,Supply Chain - Japan Earthquake,Spring,boredom,1.5874192713780473,4.350968743463432,
547985,22082,RIBBON REEL STRIPES DESIGN ,10,2011-03-29,1.65,16455.0,United Kingdom,Supply Chain - Japan Earthquake,Spring,happiness,1.0109418697976065,6.390581302023937,
548211,22333,RETROSPOT PARTY BAG + STICKER SET,96,2011-03-30,1.45,14646.0,Netherlands,Supply Chain - Japan Earthquake,Spring,boredom,1.0651178963880694,36.94868194674533,
548401,22084,PAPER CHAIN KIT EMPIRE,6,2011-03-31,2.95,14479.0,United Kingdom,Supply Chain - Japan Earthquake,Spring,boredom,1.5504672140227578,8.397196715863455,
548550,22662,LUNCH BAG DOLLY GIRL DESIGN,10,2011-04-01,1.65,18161.0,United Kingdom,Supply Chain - Japan Earthquake,Spring,boredom,1.145514213316851,5.044857866831489,
C548695,82483,WOOD 2 DRAWER CABINET WHITE FINISH,-1,2011-04-03,6.95,17243.0,United Kingdom,Supply Chain - Japan Earthquake,Spring,love,6.192436488489563,-0.7575635115104369,
548718,21833,CAMOUFLAGE LED TORCH,48,2011-04-04,1.69,14156.0,EIRE,Supply Chain - Japan Earthquake,Spring,anger,1.4375175458340157,12.119157799967256,
C548906,85131A,BEADED PEARL HEART WHITE ON STICK,-6,2011-04-05,1.25,13636.0,United Kingdom,Supply Chain - Japan Earthquake,Spring,boredom,0.7940794759184228,-2.735523144489464,
549044,23008,DOLLY GIRL BABY GIFT SET,1,2011-04-06,16.95,16161.0,United Kingdom,Supply Chain - Japan Earthquake,Spring,happiness,14.99444564779136,1.9555543522086405,
549181,22808,SET OF 6 T-LIGHTS EASTER CHICKS,1,2011-04-07,2.95,,United Kingdom,Supply Chain - Japan Earthquake,Spring,hate,1.7484079192360216,1.2015920807639786,
549296,22767,TRIPLE PHOTO FRAME CORNICE ,2,2011-04-08,9.95,14619.0,United Kingdom,Supply Chain - Japan Earthquake,Spring,relief,8.753288913214412,2.3934221735711745,
549539,22423,REGENCY CAKESTAND 3 TIER,24,2011-04-10,10.95,15465.0,United Kingdom,Supply Chain - Japan Earthquake,Spring,relief,9.598234346614465,32.44237568125287,
549576,22457,NATURAL SLATE HEART CHALKBOARD ,6,2011-04-11,2.95,17069.0,United Kingdom,Supply Chain - Japan Earthquake,Spring,relief,2.4180590530758224,3.191645681545067,
549735,85174,S/4 CACTI CANDLES,16,2011-04-12,4.25,13824.0,United Kingdom,Supply Chain - Japan Earthquake,Spring,love,3.196761492673545,16.85181611722328,
549911,22995,TRAVEL CARD WALLET SUKI,24,2011-04-13,0.42,14060.0,United Kingdom,Supply Chain - Japan Earthquake,Spring,fun,0.3568803783929911,1.5148709185682137,
549991,22960,JAM MAKING SET WITH JARS,12,2011-04-14,3.75,18229.0,United Kingdom,Supply Chain - Japan Earthquake,Spring,relief,2.314530426761695,17.225634878859662,
550192,22348,TEA BAG PLATE RED RETROSPOT,12,2011-04-15,0.85,12582.0,Finland,Supply Chain - Japan Earthquake,Spring,fun,0.7136408088063921,1.636310294323294,
C550300,72803A,ROSE SCENT CANDLE JEWELLED DRAWER,-1,2011-04-17,4.25,17243.0,United Kingdom,Supply Chain - Japan Earthquake,Spring,happiness,3.1753903762597906,-1.0746096237402094,
550344,84077,WORLD WAR 2 GLIDERS ASSTD DESIGNS,576,2011-04-18,0.21,12754.0,Japan,Supply Chain - Japan Earthquake,Spring,love,0.1061118960517475,59.8395478741934,
550517,23073,GEORGIAN TRINKET BOX,2,2011-04-19,12.5,14352.0,United Kingdom,Supply Chain - Japan Earthquake,Spring,relief,7.986167589661097,9.027664820677806,
550656,22457,NATURAL SLATE HEART CHALKBOARD ,6,2011-04-20,2.95,17652.0,United Kingdom,Supply Chain - Japan Earthquake,Spring,anger,1.6498062159188347,7.801162704486993,
550820,18097C,WHITE TALL PORCELAIN T-LIGHT HOLDER,6,2011-04-21,2.55,13148.0,United Kingdom,Supply Chain - Japan Earthquake,Spring,love,2.276465977614618,1.6412041343122905,
550995,85132A,CHARLIE + LOLA BISCUITS TINS,12,2011-04-26,1.95,16722.0,United Kingdom,Supply Chain - Japan Earthquake,Spring,fun,1.3481288394911906,7.222453926105713,
551181,22364,GLASS JAR DIGESTIVE BISCUITS,24,2011-04-27,2.55,13089.0,United Kingdom,Supply Chain - Japan Earthquake,Spring,hate,1.7823391928086358,18.423859372592737,
551341,71459,HANGING JAM JAR T-LIGHT HOLDER,12,2011-04-28,0.85,15189.0,United Kingdom,Supply Chain - Japan Earthquake,Spring,boredom,0.642420655575566,2.490952133093207,
551515,21731,RED TOADSTOOL LED NIGHT LIGHT,12,2011-05-01,1.65,15606.0,United Kingdom,Supply Chain - Japan Earthquake,Spring,hate,1.0682658400455474,6.980809919453431,
551536,85123A,WHITE HANGING HEART T-LIGHT HOLDER,1,2011-05-03,2.95,,United Kingdom,Supply Chain - Japan Earthquake,Spring,love,1.6365423205890066,1.3134576794109936,
551725,20685,DOORMAT RED RETROSPOT,10,2011-05-04,6.75,13798.0,United Kingdom,Supply Chain - Japan Earthquake,Spring,relief,5.594717879624463,11.552821203755368,
551874,21094,SET/6 RED SPOTTY PAPER PLATES,96,2011-05-05,0.64,16422.0,United Kingdom,Supply Chain - Japan Earthquake,Spring,happiness,0.368601065447106,26.054297717077823,
552038,20725,LUNCH BAG RED RETROSPOT,50,2011-05-06,1.65,14156.0,EIRE,Supply Chain - Japan Earthquake,Spring,hate,1.162470528480661,24.37647357596695,
552252,22722,SET OF 6 SPICE TINS PANTRY DESIGN,4,2011-05-08,3.95,15227.0,United Kingdom,Supply Chain - Japan Earthquake,Spring,hate,2.329420905780088,6.482316376879648,
552319,20724,RED RETROSPOT CHARLOTTE BAG,10,2011-05-09,0.85,13003.0,United Kingdom,Supply Chain - Japan Earthquake,Spring,relief,0.4582671247279715,3.917328752720284,
552530,23006,TRAVEL CARD WALLET FLOWER MEADOW,24,2011-05-10,0.42,13055.0,United Kingdom,Supply Chain - Japan Earthquake,Spring,love,0.3548481749268428,1.5636438017557728,
552710,79321,CHILLI LIGHTS,24,2011-05-11,4.95,13098.0,United Kingdom,Supply Chain - Japan Earthquake,Spring,relief,4.401380588265798,13.166865881620843,
552867,23109,LED TEA LIGHTS,6,2011-05-12,2.89,15513.0,United Kingdom,Supply Chain - Japan Earthquake,Spring,fun,2.5557248647208284,2.0056508116750305,
553036,22561,WOODEN SCHOOL COLOURING SET,24,2011-05-13,1.65,15129.0,United Kingdom,Supply Chain - Japan Earthquake,Spring,love,1.423326629485978,5.440160892336529,
553174,23155,KNICKERBOCKERGLORY MAGNET ASSORTED ,6,2011-05-15,0.83,16206.0,United Kingdom,Supply Chain - Japan Earthquake,Spring,hate,0.6719837144559481,0.9480977132643114,
553205,23298,SPOTTY BUNTING,3,2011-05-16,4.95,15813.0,United Kingdom,Supply Chain - Japan Earthquake,Spring,hate,3.134627401016711,5.446117796949867,
553403,22149,FELTCRAFT 6 FLOWER FRIENDS,6,2011-05-17,2.1,18061.0,United Kingdom,Supply Chain - Japan Earthquake,Spring,happiness,1.118125167589917,5.891248994460497,
553565,22784,LANTERN CREAM GAZEBO ,3,2011-05-18,4.95,17505.0,United Kingdom,Supply Chain - Japan Earthquake,Spring,hate,3.281337519399339,5.0059874418019845,
553730,22791,T-LIGHT GLASS FLUTED ANTIQUE,144,2011-05-19,1.06,16525.0,United Kingdom,Supply Chain - Japan Earthquake,Spring,happiness,0.6284672762804798,62.14071221561091,
553916,21534,DAIRY MAID LARGE MILK JUG,3,2011-05-20,4.95,17166.0,United Kingdom,Supply Chain - Japan Earthquake,Spring,hate,2.7373255168208064,6.638023449537581,
554062,22740,POLKADOT PEN,48,2011-05-22,0.85,13654.0,United Kingdom,Supply Chain - Japan Earthquake,Spring,fun,0.4431652418075206,19.52806839323901,
554124,22969,HOMEMADE JAM SCENTED CANDLES,12,2011-05-23,1.45,13339.0,United Kingdom,Supply Chain - Japan Earthquake,Spring,hate,1.1458447312421358,3.6498632250943697,
554347,23209,LUNCH BAG DOILEY PATTERN ,20,2011-05-24,1.65,16523.0,United Kingdom,Supply Chain - Japan Earthquake,Spring,anger,0.8325421226925204,16.34915754614959,
554542,23080,RED METAL BOX TOP SECRET,2,2011-05-25,8.25,15194.0,United Kingdom,Supply Chain - Japan Earthquake,Spring,happiness,6.667916470059162,3.164167059881676,
554698,47566,PARTY BUNTING,8,2011-05-26,4.95,16678.0,United Kingdom,Supply Chain - Japan Earthquake,Spring,anger,2.765954357892743,17.47236513685806,
554850,23284,DOORMAT KEEP CALM AND COME IN,10,2011-05-27,6.75,17739.0,United Kingdom,Supply Chain - Japan Earthquake,Spring,happiness,3.58970962298424,31.6029037701576,
554975,23175,REGENCY MILK JUG PINK ,24,2011-05-29,2.75,17819.0,United Kingdom,Supply Chain - Japan Earthquake,Spring,happiness,1.473563337662466,30.634479896100817,
555000,22776,SWEETHEART CAKESTAND 3 TIER,1,2011-05-31,9.95,18232.0,United Kingdom,Supply Chain - Japan Earthquake,Spring,hate,7.649750273268578,2.300249726731421,
555156,23299,FOOD COVER WITH BEADS SET 2 ,6,2011-06-01,3.75,15643.0,United Kingdom,Supply Chain - Japan Earthquake,Summer,anger,2.243050814779268,9.041695111324396,
555280,84879,ASSORTED COLOUR BIRD ORNAMENT,8,2011-06-02,1.69,17162.0,United Kingdom,Supply Chain - Japan Earthquake,Summer,happiness,1.1292846794757463,4.485722564194028,
555407,23226,FILIGREE HEART DAISY WHITE,24,2011-06-03,1.25,12775.0,Netherlands,Supply Chain - Japan Earthquake,Summer,boredom,0.9036843956619584,8.311574504112997,
555511,21718,RED METAL BEACH SPADE ,3,2011-06-05,1.25,17708.0,United Kingdom,Supply Chain - Japan Earthquake,Summer,fun,1.0552755869143968,0.5841732392568095,
555581,21742,LARGE ROUND WICKER PLATTER ,2,2011-06-06,5.95,13865.0,United Kingdom,Supply Chain - Japan Earthquake,Summer,hate,4.705365345252962,2.4892693094940768,
555731,22847,BREAD BIN DINER STYLE IVORY,4,2011-06-07,14.95,16655.0,United Kingdom,Supply Chain - Japan Earthquake,Summer,happiness,9.091560873327516,23.43375650668994,
555928,22487,WHITE WOOD GARDEN PLANT LADDER,4,2011-06-08,8.5,12383.0,Belgium,Supply Chain - Japan Earthquake,Summer,anger,4.697041517589835,15.211833929640662,
556109,22427,ENAMEL FLOWER JUG CREAM,3,2011-06-09,5.95,13741.0,United Kingdom,Supply Chain - Japan Earthquake,Summer,fun,3.106790882602451,8.529627352192648,
556282,15044A,PINK PAPER PARASOL ,6,2011-06-10,2.95,15679.0,United Kingdom,Supply Chain - Japan Earthquake,Summer,hate,1.830886388687512,6.714681667874928,
556460,23240,SET OF 4 KNICK KNACK TINS DOILEY ,6,2011-06-12,4.15,14276.0,United Kingdom,Supply Chain - Japan Earthquake,Summer,fun,2.510116127737866,9.839303233572808,
556500,22776,SWEETHEART CAKESTAND 3 TIER,2,2011-06-13,9.95,13468.0,United Kingdom,Supply Chain - Japan Earthquake,Summer,boredom,6.790439455865909,6.319121088268181,
556680,47566,PARTY BUNTING,8,2011-06-14,4.95,13971.0,United Kingdom,Supply Chain - Japan Earthquake,Summer,hate,3.827897044384408,8.976823644924742,
556814,23092,LARGE ANTIQUE WHITE PHOTO FRAME,2,2011-06-15,7.9,14852.0,United Kingdom,Supply Chain - Japan Earthquake,Summer,anger,6.148176408218789,3.503647183562423,
556953,23118,PARISIENNE JEWELLERY DRAWER ,2,2011-06-16,7.5,14911.0,EIRE,Supply Chain - Japan Earthquake,Summer,happiness,4.6005565397465,5.798886920507,
557130,22423,REGENCY CAKESTAND 3 TIER,2,2011-06-17,12.75,14005.0,United Kingdom,Supply Chain - Japan Earthquake,Summer,love,8.312627475090615,8.87474504981877,
557255,85123A,WHITE HANGING HEART T-LIGHT HOLDER,64,2011-06-19,2.55,17616.0,United Kingdom,Supply Chain - Japan Earthquake,Summer,happiness,1.459773980971641,69.77446521781496,
557319,21843,RED RETROSPOT CAKE STAND,2,2011-06-20,10.95,15076.0,United Kingdom,Supply Chain - Japan Earthquake,Summer,hate,8.928829343902551,4.042341312194896,
557523,22421,LIPSTICK PEN FUSCHIA,48,2011-06-21,0.42,12971.0,United Kingdom,Supply Chain - Japan Earthquake,Summer,happiness,0.2195504768407843,9.62157711164235,
557667,22730,ALARM CLOCK BAKELIKE IVORY,12,2011-06-22,3.75,15606.0,United Kingdom,Supply Chain - Japan Earthquake,Summer,love,2.9204958625874813,9.954049648950225,
557794,20974,12 PENCILS SMALL TUBE SKULL,24,2011-06-23,0.65,16287.0,United Kingdom,Supply Chain - Japan Earthquake,Summer,love,0.527460802944687,2.9409407293275125,
557961,23188,VINTAGE  2 METER FOLDING RULER,12,2011-06-24,1.65,18257.0,United Kingdom,Supply Chain - Japan Earthquake,Summer,anger,1.338088990820177,3.7429321101578754,
558077,21917,SET 12 KIDS  WHITE CHALK STICKS,48,2011-06-26,0.42,13408.0,United Kingdom,Supply Chain - Japan Earthquake,Summer,love,0.2535829908100196,7.988016441119058,
558113,23243,SET OF TEA COFFEE SUGAR TINS PANTRY,4,2011-06-27,4.95,14911.0,EIRE,Supply Chain - Japan Earthquake,Summer,anger,3.215150013106472,6.939399947574113,
558259,23174,REGENCY SUGAR BOWL GREEN,4,2011-06-28,4.15,15304.0,United Kingdom,Supply Chain - Japan Earthquake,Summer,happiness,3.050415394426006,4.398338422295977,
558383,85152,HAND OVER THE CHOCOLATE   SIGN ,12,2011-06-29,2.1,18075.0,United Kingdom,Supply Chain - Japan Earthquake,Summer,anger,1.2791703980365523,9.84995522356137,
558480,21577,SAVE THE PLANET COTTON TOTE BAG,6,2011-06-30,2.25,15271.0,United Kingdom,Supply Chain - Japan Earthquake,Summer,hate,1.4587675192960998,4.747394884223401,
558638,84836,ZINC METAL HEART DECORATION,12,2011-07-01,1.25,16317.0,United Kingdom,Supply Chain - Japan Earthquake,Summer,happiness,0.7235271400928198,6.317674318886162,
558747,22666,RECIPE BOX PANTRY YELLOW DESIGN,5,2011-07-03,2.95,15465.0,United Kingdom,Supply Chain - Japan Earthquake,Summer,love,2.0176299428320887,4.661850285839558,
558774,10133,COLOURING PENCILS BROWN TUBE,6,2011-07-04,0.83,,United Kingdom,Supply Chain - Japan Earthquake,Summer,boredom,0.4298112840163658,2.4011322959018044,
558908,21080,SET/20 RED RETROSPOT PAPER NAPKINS ,12,2011-07-05,0.85,13338.0,United Kingdom,Supply Chain - Japan Earthquake,Summer,love,0.6969306007540101,1.836832790951878,
559056,21175,GIN + TONIC DIET METAL SIGN,12,2011-07-06,2.55,14645.0,United Kingdom,Supply Chain - Japan Earthquake,Summer,relief,1.3534955759263652,14.358053088883617,
559171,22355,CHARLOTTE BAG SUKI DESIGN,10,2011-07-07,0.85,17651.0,United Kingdom,Supply Chain - Japan Earthquake,Summer,anger,0.6014039506027188,2.485960493972812,
559362,22208,WOOD STAMP SET THANK YOU,12,2011-07-08,0.83,12635.0,Germany,Supply Chain - Japan Earthquake,Summer,love,0.516860953049005,3.757668563411939,
559524,21137,BLACK RECORD COVER FRAME,12,2011-07-10,3.75,16866.0,United Kingdom,Supply Chain - Japan Earthquake,Summer,relief,2.741314423247063,12.104226921035242,
559553,23216,LAUREL HEART ANTIQUE GOLD,12,2011-07-11,1.25,16174.0,United Kingdom,Supply Chain - Japan Earthquake,Summer,hate,1.1047166704167126,1.7433999549994486,
559699,23020,GLASS  SONGBIRD STORAGE JAR,4,2011-07-12,12.5,12682.0,France,Supply Chain - Japan Earthquake,Summer,happiness,9.47785122228002,12.088595110879922,
559826,21314,SMALL GLASS HEART TRINKET POT,8,2011-07-13,2.1,13420.0,United Kingdom,Supply Chain - Japan Earthquake,Summer,anger,1.0797044460346126,8.1623644317231,
559928,23241,TREASURE TIN GYMKHANA DESIGN,6,2011-07-14,2.08,12405.0,Finland,Supply Chain - Japan Earthquake,Summer,hate,1.398094829670707,4.091431021975758,
560107,79321,CHILLI LIGHTS,8,2011-07-15,5.75,12928.0,United Kingdom,Supply Chain - Japan Earthquake,Summer,happiness,4.048038760331975,13.6156899173442,
560229,22961,JAM MAKING SET PRINTED,12,2011-07-17,1.45,14013.0,United Kingdom,Supply Chain - Japan Earthquake,Summer,relief,1.0359829469280022,4.968204636863973,
560282,23092,LARGE ANTIQUE WHITE PHOTO FRAME,4,2011-07-18,7.9,14758.0,United Kingdom,Supply Chain - Japan Earthquake,Summer,love,6.103200333508128,7.18719866596749,
560445,21888,BINGO SET,36,2011-07-19,3.39,14156.0,EIRE,Supply Chain - Japan Earthquake,Summer,love,2.071420308524275,47.468868893126114,
560602,21754,HOME BUILDING BLOCK WORD,3,2011-07-20,5.95,13629.0,United Kingdom,Supply Chain - Japan Earthquake,Summer,love,3.2816881458098424,8.004935562570473,
560776,20726,LUNCH BAG WOODLAND,10,2011-07-21,1.65,13995.0,United Kingdom,Supply Chain - Japan Earthquake,Summer,happiness,1.0841659465210822,5.658340534789177,
560923,22777,,-14,2011-07-22,0.0,,United Kingdom,Supply Chain - Japan Earthquake,Summer,love,0.0,-0.0,
561021,22423,REGENCY CAKESTAND 3 TIER,16,2011-07-24,10.95,15465.0,United Kingdom,Supply Chain - Japan Earthquake,Summer,hate,6.294633305868699,74.4858671061008,
561084,23307,SET OF 60 PANTRY DESIGN CAKE CASES ,24,2011-07-25,0.55,14948.0,United Kingdom,Supply Chain - Japan Earthquake,Summer,hate,0.4738764700842121,1.82696471797891,
561219,22906,12 MESSAGE CARDS WITH ENVELOPES,12,2011-07-26,1.65,18180.0,United Kingdom,Supply Chain - Japan Earthquake,Summer,love,1.1839119270510352,5.5930568753875765,
561383,22041,"RECORD FRAME 7"" SINGLE SIZE ",6,2011-07-27,2.55,13730.0,United Kingdom,Supply Chain - Japan Earthquake,Summer,boredom,1.7410496500786812,4.853702099527911,
561528,22984,CARD GINGHAM ROSE ,12,2011-07-28,0.42,13098.0,United Kingdom,Supply Chain - Japan Earthquake,Summer,happiness,0.3581829569186214,0.7418045169765424,
561686,21993,FLORAL FOLK STATIONERY SET,12,2011-07-29,1.25,13148.0,United Kingdom,Supply Chain - Japan Earthquake,Summer,boredom,0.8543019808842929,4.7483762293884855,
561861,21340,CLASSIC METAL BIRDCAGE PLANT HOLDER,24,2011-07-31,9.95,16839.0,United Kingdom,Supply Chain - Japan Earthquake,Summer,relief,7.857187193713942,50.227507350865366,
561904,22075,6 RIBBONS ELEGANT CHRISTMAS ,96,2011-08-01,1.45,17941.0,United Kingdom,Supply Chain - Japan Earthquake,Summer,anger,0.9564346865877992,47.38227008757127,
562032,23308,SET OF 60 VINTAGE LEAF CAKE CASES ,24,2011-08-02,0.55,12347.0,Iceland,Supply Chain - Japan Earthquake,Summer,love,0.4738897664382107,1.8266456054829436,
562127,10080,GROOVY CACTUS INFLATABLE,12,2011-08-03,0.39,13717.0,United Kingdom,Supply Chain - Japan Earthquake,Summer,boredom,0.3026439031498315,1.0482731622020225,
562272,21447,12 IVORY ROSE PEG PLACE SETTINGS,24,2011-08-04,1.25,12971.0,United Kingdom,Supply Chain - Japan Earthquake,Summer,happiness,0.9748110271252584,6.6045353489938,
562450,22752,SET 7 BABUSHKA NESTING BOXES,6,2011-08-05,8.5,12562.0,France,Supply Chain - Japan Earthquake,Summer,relief,5.364249365294205,18.81450380823477,
562563,22966,GINGERBREAD MAN COOKIE CUTTER,36,2011-08-07,1.25,13450.0,United Kingdom,Supply Chain - Japan Earthquake,Summer,happiness,1.0033893213684446,8.877984430735994,
562596,23295,SET OF 12 MINI LOAF BAKING CASES,8,2011-08-08,0.83,16145.0,United Kingdom,Supply Chain - Japan Earthquake,Summer,boredom,0.6261722704084509,1.6306218367323924,
562725,46000S,POLYESTER FILLER PAD 40x40cm,2,2011-08-09,1.45,17302.0,United Kingdom,Supply Chain - Japan Earthquake,Summer,anger,0.8642117585602316,1.1715764828795368,
562844,22624,IVORY KITCHEN SCALES,6,2011-08-10,8.5,12444.0,Norway,Supply Chain - Japan Earthquake,Summer,relief,4.795831996449872,22.22500802130077,
562939,20682,RED RETROSPOT CHILDRENS UMBRELLA,12,2011-08-11,3.25,15498.0,United Kingdom,Supply Chain - Japan Earthquake,Summer,fun,2.660308916872532,7.076292997529624,
563095,23209,LUNCH BAG VINTAGE DOILY ,20,2011-08-12,1.65,13158.0,United Kingdom,Supply Chain - Japan Earthquake,Summer,relief,1.4580499580032469,3.839000839935065,
C563197,23160,REGENCY TEA SPOON,-3,2011-08-14,1.25,13047.0,United Kingdom,Supply Chain - Japan Earthquake,Summer,happiness,0.8540694136300214,-1.1877917591099356,
563234,16045,POPART WOODEN PENCILS ASST,100,2011-08-15,0.04,13621.0,United Kingdom,Supply Chain - Japan Earthquake,Summer,love,0.0294557466451789,1.054425335482104,
563364,21210,SET OF 72 RETROSPOT PAPER  DOILIES,12,2011-08-16,1.45,14466.0,United Kingdom,Supply Chain - Japan Earthquake,Summer,love,1.2224791336322618,2.730250396412858,
563502,23035,DRAWER KNOB CERAMIC IVORY,12,2011-08-17,1.45,12722.0,France,Supply Chain - Japan Earthquake,Summer,love,0.9901896029452372,5.517724764657153,
C563591,23296,SET OF 6 TEA TIME BAKING CASES,-4,2011-08-18,1.25,16145.0,United Kingdom,Supply Chain - Japan Earthquake,Summer,relief,1.1009372384163685,-0.596251046334527,
563740,22106,MIRROR MOSAIC HURRICANE LAMP ,12,2011-08-19,5.95,17747.0,United Kingdom,Supply Chain - Japan Earthquake,Summer,relief,4.3452877656667965,19.256546811998444,
C563894,21042,RED RETROSPOT APRON ,-1,2011-08-21,5.95,16330.0,United Kingdom,Supply Chain - Japan Earthquake,Summer,anger,4.92842574726913,-1.0215742527308702,
563936,72807B,SET/3 OCEAN SCENT CANDLE JEWEL BOX,4,2011-08-22,4.25,17828.0,Malta,Supply Chain - Japan Earthquake,Summer,fun,3.6700343213016553,2.319862714793379,
564082,POST,POSTAGE,4,2011-08-23,18.0,12627.0,Germany,Supply Chain - Japan Earthquake,Summer,love,14.871771495133697,12.51291401946522,
564201,22138,BAKING SET 9 PIECE RETROSPOT ,6,2011-08-24,4.95,12540.0,Spain,Supply Chain - Japan Earthquake,Summer,boredom,2.790640637628933,12.956156174226406,
564366,23253,16 PIECE CUTLERY SET PANTRY DESIGN,2,2011-08-25,15.95,13236.0,United Kingdom,Supply Chain - Japan Earthquake,Summer,fun,11.987372041213646,7.925255917572706,
564558,15056BL,EDWARDIAN PARASOL BLACK,3,2011-08-26,5.95,12704.0,Finland,Supply Chain - Japan Earthquake,Summer,anger,3.923273535514832,6.080179393455506,
564709,20914,SET/5 RED RETROSPOT LID GLASS BOWLS,96,2011-08-28,2.55,15569.0,United Kingdom,Supply Chain - Japan Earthquake,Summer,relief,1.338967211063813,116.25914773787396,
C564748,23155,KNICKERBOCKERGLORY MAGNET ASSORTED ,-6,2011-08-30,0.83,14911.0,EIRE,Supply Chain - Japan Earthquake,Summer,relief,0.5557787076274275,-1.6453277542354343,
564853,22396,MAGNETS PACK OF 4 RETRO PHOTO,12,2011-08-31,0.39,12423.0,Belgium,Supply Chain - Japan Earthquake,Summer,happiness,0.2353547144347476,1.8557434267830288,
565080,20677,PINK POLKADOT BOWL,8,2011-09-01,1.25,13509.0,United Kingdom,Supply Chain - Japan Earthquake,Autumn,fun,1.0495191542142557,1.6038467662859563,
565226,23245,SET OF 3 REGENCY CAKE TINS,4,2011-09-02,4.95,16992.0,United Kingdom,Supply Chain - Japan Earthquake,Autumn,love,2.540943160562459,9.636227357750164,
565404,22116,METAL SIGN HIS DINNER IS SERVED,12,2011-09-04,0.79,13434.0,United Kingdom,Supply Chain - Japan Earthquake,Autumn,love,0.6980385401088577,1.1035375186937082,
565457,22835,HOT WATER BOTTLE I AM SO POORLY,4,2011-09-05,4.65,14565.0,United Kingdom,Supply Chain - Japan Earthquake,Autumn,boredom,2.9859860581577897,6.6560557673688425,
565667,23037,CANDLE HOLDER SILVER MADELINE,12,2011-09-06,1.65,17449.0,United Kingdom,Supply Chain - Japan Earthquake,Autumn,happiness,1.0604265476656782,7.07488142801186,
565788,22960,JAM MAKING SET WITH JARS,6,2011-09-07,4.25,13210.0,United Kingdom,Supply Chain - Japan Earthquake,Autumn,happiness,2.1527584545623037,12.58344927262618,
565920,23355,HOT WATER BOTTLE KEEP CALM,4,2011-09-08,4.95,15298.0,United Kingdom,Supply Chain - Japan Earthquake,Autumn,fun,2.8417600039676443,8.432959984129424,
566074,22624,IVORY KITCHEN SCALES,2,2011-09-09,8.5,12535.0,France,Supply Chain - Japan Earthquake,Autumn,anger,5.61428230273227,5.771435394535461,
566225,22384,LUNCH BAG PINK POLKADOT,6,2011-09-11,1.65,16899.0,United Kingdom,Supply Chain - Japan Earthquake,Autumn,relief,1.4383323354197912,1.2700059874812522,
566303,71477,COLOUR GLASS. STAR T-LIGHT HOLDER,8,2011-09-12,3.95,12997.0,United Kingdom,Supply Chain - Japan Earthquake,Autumn,relief,2.1323915897496084,14.540867282003134,
566476,23084,add stock to allocate online orders,2,2011-09-13,0.0,,United Kingdom,Supply Chain - Japan Earthquake,Autumn,love,0.0,0.0,
566616,47566,PARTY BUNTING,4,2011-09-14,4.95,12895.0,United Kingdom,Supply Chain - Japan Earthquake,Autumn,love,4.196587290482332,3.0136508380706744,
566769,22178,VICTORIAN GLASS HANGING T-LIGHT,12,2011-09-15,1.95,18211.0,United Kingdom,Supply Chain - Japan Earthquake,Autumn,fun,1.3292466695878904,7.449039964945315,
C566970,22784,LANTERN CREAM GAZEBO ,-3,2011-09-16,4.95,13993.0,United Kingdom,Supply Chain - Japan Earthquake,Autumn,hate,3.121867745901155,-5.484396762296536,
567159,21623,VINTAGE UNION JACK MEMOBOARD,3,2011-09-18,9.95,15465.0,United Kingdom,Supply Chain - Japan Earthquake,Autumn,love,5.901321634530646,12.14603509640806,
C567187,22383,LUNCH BAG SUKI DESIGN ,-1,2011-09-19,1.65,12705.0,Germany,Supply Chain - Japan Earthquake,Autumn,anger,1.230546706274737,-0.4194532937252628,
567368,22982,PANTRY PASTRY BRUSH,12,2011-09-20,1.25,17147.0,United Kingdom,Supply Chain - Japan Earthquake,Autumn,happiness,0.6415372957377529,7.301552451146966,
567523,22983,CARD BILLBOARD FONT,12,2011-09-21,0.42,17034.0,United Kingdom,Supply Chain - Japan Earthquake,Autumn,anger,0.2126218188270671,2.4885381740751944,
567697,22189,CREAM HEART CARD HOLDER,4,2011-09-22,3.95,16558.0,United Kingdom,Supply Chain - Japan Earthquake,Autumn,relief,2.652497241547216,5.190011033811137,
C567945,22781,GUMBALL MAGAZINE RACK,-4,2011-09-23,7.65,17340.0,United Kingdom,Supply Chain - Japan Earthquake,Autumn,fun,4.033306666362644,-14.466773334549426,
568136,85114C,RED ENCHANTED FOREST PLACEMAT,60,2011-09-25,1.45,13630.0,United Kingdom,Supply Chain - Japan Earthquake,Autumn,fun,0.8711257731827339,34.732453609035964,
568214,48138,DOORMAT UNION FLAG,70,2011-09-26,7.65,12823.0,United Kingdom,Supply Chain - Japan Earthquake,Autumn,anger,4.501752400959017,220.37733193286888,
C568377,20724,RED RETROSPOT CHARLOTTE BAG,-1,2011-09-27,0.85,14911.0,EIRE,Supply Chain - Japan Earthquake,Autumn,boredom,0.5110850058657697,-0.3389149941342303,
568568,23196,VINTAGE LEAF MAGNETIC NOTEPAD,12,2011-09-28,1.45,14412.0,United Kingdom,Supply Chain - Japan Earthquake,Autumn,love,0.8010120341048494,7.787855590741806,
568780,22983,CARD BILLBOARD FONT,24,2011-09-29,0.42,18235.0,United Kingdom,Supply Chain - Japan Earthquake,Autumn,relief,0.2120220854468059,4.991469949276658,
569010,23245,SET OF 3 REGENCY CAKE TINS,48,2011-09-30,4.15,14156.0,EIRE,Supply Chain - Japan Earthquake,Autumn,love,2.266703933250322,90.39821120398456,
569203,79321,CHILLI LIGHTS,48,2011-10-02,4.95,16353.0,United Kingdom,Supply Chain - Japan Earthquake,Autumn,happiness,3.699590913835241,60.01963613590844,
569239,23247,BISCUIT TIN 50'S CHRISTMAS,36,2011-10-03,2.49,14644.0,United Kingdom,Supply Chain - Japan Earthquake,Autumn,hate,2.2153591879667784,9.887069233195984,
569397,23200,JUMBO BAG PEARS,10,2011-10-04,2.08,12747.0,United Kingdom,Supply Chain - Japan Earthquake,Autumn,happiness,1.863967041298664,2.160329587013363,
569555,23426,METAL SIGN DROP YOUR PANTS,6,2011-10-05,2.89,17728.0,United Kingdom,Supply Chain - Japan Earthquake,Autumn,hate,1.917866534251259,5.832800794492446,
569716,72819,CUPID DESIGN SCENTED CANDLES,6,2011-10-06,2.55,15804.0,United Kingdom,Supply Chain - Japan Earthquake,Autumn,boredom,1.441213514567537,6.652718912594775,
569997,23245,SET OF 3 REGENCY CAKE TINS,32,2011-10-07,4.15,12394.0,Denmark,Supply Chain - Japan Earthquake,Autumn,anger,3.135344517228439,32.46897544868996,
570206,21524,DOORMAT SPOTTY HOME SWEET HOME,10,2011-10-09,7.08,15465.0,United Kingdom,Supply Chain - Japan Earthquake,Autumn,happiness,4.928544741426024,21.51455258573976,
570247,21523,DOORMAT FANCY FONT HOME SWEET HOME,10,2011-10-10,7.08,15193.0,United Kingdom,Supply Chain - Japan Earthquake,Autumn,anger,6.34200848926951,7.3799151073049,
570492,21621,VINTAGE UNION JACK BUNTING,2,2011-10-11,8.5,14194.0,United Kingdom,Supply Chain - Japan Earthquake,Autumn,anger,4.472034304316052,8.055931391367896,
570694,C2,CARRIAGE,1,2011-10-12,50.0,14911.0,EIRE,Supply Chain - Japan Earthquake,Autumn,relief,40.66468876627626,9.335311233723736,
570877,23203,JUMBO BAG VINTAGE DOILY ,20,2011-10-13,2.08,16523.0,United Kingdom,Supply Chain - Japan Earthquake,Autumn,relief,1.2799475497798032,16.00104900440394,
571118,23206,LUNCH BAG APPLE DESIGN,10,2011-10-14,1.65,16239.0,United Kingdom,Supply Chain - Japan Earthquake,Autumn,happiness,0.9843362892505388,6.656637107494612,
571259,21787,RAIN PONCHO RETROSPOT,360,2011-10-16,0.85,12901.0,United Kingdom,Supply Chain - Japan Earthquake,Autumn,love,0.6502515543211098,71.90944044440046,
571298,85099B,JUMBO BAG RED RETROSPOT,300,2011-10-17,1.79,15769.0,United Kingdom,Supply Chain - Japan Earthquake,Autumn,happiness,1.0711812404535306,215.64562786394083,
571547,23484,HEART TRELLISTRIPLE T-LIGHT HOLDER,24,2011-10-18,2.49,17679.0,United Kingdom,Supply Chain - Japan Earthquake,Autumn,love,1.908195681088951,13.96330365386518,
571724,23360,SET 8 CANDLES VINTAGE DOILY,12,2011-10-19,1.95,12572.0,Germany,Supply Chain - Japan Earthquake,Autumn,boredom,1.378500643417785,6.857992278986578,
571933,84947,ANTIQUE SILVER TEA GLASS ENGRAVED,72,2011-10-20,1.06,13199.0,United Kingdom,Supply Chain - Japan Earthquake,Autumn,hate,0.7098137310968001,25.2134113610304,
572122,82583,HOT BATHS METAL SIGN,12,2011-10-21,2.1,15969.0,United Kingdom,Supply Chain - Japan Earthquake,Autumn,anger,1.515937759275592,7.0087468886928965,
C572275,22423,REGENCY CAKESTAND 3 TIER,-1,2011-10-23,12.75,12572.0,Germany,Supply Chain - Japan Earthquake,Autumn,happiness,7.838962751590111,-4.9110372484098885,
572320,22086,PAPER CHAIN KIT 50'S CHRISTMAS ,18,2011-10-24,2.95,16325.0,United Kingdom,Supply Chain - Japan Earthquake,Autumn,relief,2.308758153402115,11.542353238761931,
572558,22491,PACK OF 12 COLOURED PENCILS,12,2011-10-25,0.85,14286.0,United Kingdom,Supply Chain - Japan Earthquake,Autumn,relief,0.5660513355734118,3.407383973119058,
572760,22138,BAKING SET 9 PIECE RETROSPOT ,9,2011-10-26,4.95,16225.0,United Kingdom,Supply Chain - Japan Earthquake,Autumn,boredom,3.188880209762067,15.850078112141398,
572923,22582,PACK OF 6 SWEETIE GIFT BOXES,6,2011-10-27,2.55,15948.0,United Kingdom,Supply Chain - Japan Earthquake,Autumn,love,2.120230052846852,2.5786196829188865,
573153,23084,RABBIT NIGHT LIGHT,912,2011-10-28,1.79,12678.0,France,Supply Chain - Japan Earthquake,Autumn,hate,1.5572763089584858,212.244006229861,
573319,23200,JUMBO BAG PEARS,20,2011-10-30,2.08,17651.0,United Kingdom,Supply Chain - Japan Earthquake,Autumn,happiness,1.078278082658231,20.03443834683538,
573416,20711,JUMBO BAG TOYS ,10,2011-10-31,2.08,14688.0,United Kingdom,Supply Chain - Japan Earthquake,Autumn,happiness,1.233545658034365,8.464543419656351,
573744,21314,SMALL GLASS HEART TRINKET POT,8,2011-11-01,2.1,17733.0,United Kingdom,Supply Chain - Japan Earthquake,Autumn,fun,1.342756270373753,6.057949837009977,
573921,22898,CHILDRENS APRON APPLES DESIGN,8,2011-11-02,1.95,16352.0,United Kingdom,Supply Chain - Japan Earthquake,Autumn,relief,1.610673853908793,2.7146091687296554,
574086,22371,AIRLINE BAG VINTAGE TOKYO 78,8,2011-11-03,4.25,15651.0,United Kingdom,Supply Chain - Japan Earthquake,Autumn,happiness,3.800335426993606,3.5973165840511534,
574324,23355,HOT WATER BOTTLE KEEP CALM,360,2011-11-04,4.15,16684.0,United Kingdom,Supply Chain - Japan Earthquake,Autumn,anger,3.683493029752784,167.94250928899783,
574585,82582,AREA PATROLLED METAL SIGN,216,2011-11-06,1.85,17133.0,United Kingdom,Supply Chain - Japan Earthquake,Autumn,boredom,1.594661775706946,55.1530564472997,
574744,23354,6 GIFT TAGS 50'S CHRISTMAS ,12,2011-11-07,0.83,16612.0,United Kingdom,Supply Chain - Japan Earthquake,Autumn,relief,0.5134566800012579,3.798519839984905,
574943,17012D,ORIGAMI ROSE INCENSE/CANDLE SET ,24,2011-11-08,0.85,13026.0,United Kingdom,Supply Chain - Japan Earthquake,Autumn,relief,0.7622838227609211,2.105188253737893,
575178,21035,SET/2 RED RETROSPOT TEA TOWELS ,100,2011-11-09,2.75,13798.0,United Kingdom,Supply Chain - Japan Earthquake,Autumn,happiness,1.6493620451620965,110.06379548379036,
575492,84946,ANTIQUE SILVER T-LIGHT GLASS,24,2011-11-10,1.25,18236.0,United Kingdom,Supply Chain - Japan Earthquake,Autumn,happiness,0.677953077441116,13.729126141413216,
575732,15056BL,EDWARDIAN PARASOL BLACK,6,2011-11-11,5.95,12712.0,Germany,Supply Chain - Japan Earthquake,Autumn,fun,5.238267214311838,4.270396714128973,
575931,23438, RED SPOT GIFT BAG LARGE,12,2011-11-13,1.25,16560.0,United Kingdom,Supply Chain - Japan Earthquake,Autumn,fun,0.7417101277340482,6.099478467191421,
576080,22465,HANGING METAL STAR LANTERN,12,2011-11-14,1.65,18211.0,United Kingdom,Supply Chain - Japan Earthquake,Autumn,fun,1.2802470549513152,4.437035340584217,
576370,22382,LUNCH BAG SPACEBOY DESIGN ,20,2011-11-15,1.65,15981.0,United Kingdom,Supply Chain - Japan Earthquake,Autumn,happiness,0.8635151969271884,15.729696061456233,
576627,21108,FAIRY CAKE FLANNEL ASSORTED COLOUR,18,2011-11-16,0.79,14426.0,United Kingdom,Supply Chain - Japan Earthquake,Autumn,anger,0.6259040753242825,2.9537266441629155,
576892,23343,JUMBO BAG VINTAGE CHRISTMAS ,10,2011-11-17,2.08,15737.0,United Kingdom,Supply Chain - Japan Earthquake,Autumn,hate,1.773591216661755,3.064087833382454,
577132,84078A,SET/4 WHITE RETRO STORAGE CUBES ,2,2011-11-18,39.95,13599.0,United Kingdom,Supply Chain - Japan Earthquake,Autumn,hate,24.328541589546084,31.24291682090784,
577402,22086,PAPER CHAIN KIT 50'S CHRISTMAS ,120,2011-11-20,2.55,15465.0,United Kingdom,Supply Chain - Japan Earthquake,Autumn,boredom,1.661638033998977,106.60343592012276,
577596,84988,SET OF 72 PINK HEART PAPER DOILIES,312,2011-11-21,1.25,18080.0,United Kingdom,Supply Chain - Japan Earthquake,Autumn,happiness,0.812148091660458,136.6097954019371,
577805,22144,CHRISTMAS CRAFT LITTLE FRIENDS,40,2011-11-22,1.85,13881.0,United Kingdom,Supply Chain - Japan Earthquake,Autumn,fun,1.479103310579699,14.835867576812056,
578099,22554,PLASTERS IN TIN WOODLAND ANIMALS,12,2011-11-23,1.65,12452.0,Switzerland,Supply Chain - Japan Earthquake,Autumn,hate,0.9819527800757656,8.016566639090813,
578330,84568,GIRLS ALPHABET IRON ON PATCHES ,288,2011-11-24,0.21,17523.0,United Kingdom,Supply Chain - Japan Earthquake,Autumn,happiness,0.119435660320002,26.08252982783942,
578679,16014,SMALL CHINESE STYLE SCISSOR,500,2011-11-25,0.32,15117.0,United Kingdom,Supply Chain - Japan Earthquake,Autumn,relief,0.2175093310320304,51.24533448398477,
578848,22768,FAMILY PHOTO FRAME CORNICE,1,2011-11-27,9.95,17988.0,United Kingdom,Supply Chain - Japan Earthquake,Autumn,relief,6.186784261361732,3.763215738638268,
579003,23313,VINTAGE CHRISTMAS BUNTING,15,2011-11-28,4.95,14741.0,United Kingdom,Supply Chain - Japan Earthquake,Autumn,relief,4.136594462072131,12.201083068918033,
579256,20973,12 PENCIL SMALL TUBE WOODLAND,24,2011-11-29,0.65,13349.0,United Kingdom,Supply Chain - Japan Earthquake,Autumn,fun,0.3868128747640661,6.316491005662414,
579522,84879,ASSORTED COLOUR BIRD ORNAMENT,8,2011-11-30,1.69,14432.0,United Kingdom,Supply Chain - Japan Earthquake,Autumn,boredom,1.1846152732627406,4.0430778138980745,
C579889,23245,SET OF 3 REGENCY CAKE TINS,-8,2011-12-01,4.15,13853.0,United Kingdom,Supply Chain - Japan Earthquake,Winter,hate,3.639688775498565,-4.082489796011483,
580138,23489,VINTAGE BELLS GARLAND,24,2011-12-02,2.89,13199.0,United Kingdom,Supply Chain - Japan Earthquake,Winter,hate,2.1779013385928283,17.090367873772124,
580384,22193,RED DINER WALL CLOCK,2,2011-12-04,8.5,17243.0,United Kingdom,Supply Chain - Japan Earthquake,Winter,love,7.19878397857238,2.60243204285524,
580538,23084,RABBIT NIGHT LIGHT,48,2011-12-05,1.79,14075.0,United Kingdom,Supply Chain - Japan Earthquake,Winter,fun,1.5681901375780134,10.64687339625536,
580733,85099C,JUMBO  BAG BAROQUE BLACK WHITE,10,2011-12-06,2.08,16929.0,United Kingdom,Supply Chain - Japan Earthquake,Winter,relief,1.6646363650894451,4.1536363491055495,
581000,22961,JAM MAKING SET PRINTED,12,2011-12-07,1.45,12720.0,Germany,Supply Chain - Japan Earthquake,Winter,love,1.1307535349303557,3.8309575808357312,
581214,23494,VINTAGE DOILY DELUXE SEWING KIT ,12,2011-12-08,5.95,14251.0,United Kingdom,Supply Chain - Japan Earthquake,Winter,boredom,5.2787580485180605,8.054903417783276,
581475,22596,CHRISTMAS STAR WISH LIST CHALKBOARD,36,2011-12-09,0.39,13069.0,United Kingdom,Supply Chain - Japan Earthquake,Winter,love,0.350126523185038,1.4354451653386322,
